id,query,answer,correctness
0,"What is the economic importance of strawberries?
","Strawberries are a small fruit crop with high economic value, in demand globally due to their nutritive benefits.
",True.
1,"What is anthracnose and why is it significant to strawberry production?
","Anthracnose is a disease caused by Colletotrichum species, posing a serious threat to strawberry production, particularly in warm and humid climates.
",True.
2,"Which species of Colletotrichum are identified as causing strawberry anthracnose in Taiwan?
","The species identified include Colletotrichum siamense, C. fructicola, C. boninense, C. karstii, and a new species, Colletotrichum miaoliense.
",True.(Gemini)
3,"What method was used to identify the Colletotrichum species?
","The species were identified through morphological characterization and multilocus phylogenetic analysis.
",True.
4,"What percentage of the isolates were identified as Colletotrichum siamense?
","75% of the isolates were identified as Colletotrichum siamense.
",True.
5,"Which species were found to cause lesions on wounded strawberry leaves?
","Colletotrichum boninense, C. karstii, and C. miaoliense caused lesions on wounded leaves.
",True.(Gemini)
6,"What challenges exist in identifying Colletotrichum species based on morphology alone?
","Morphological characteristics can be influenced by environmental factors such as culture media, light, and temperature, making it difficult to rely solely on morphology.
",True.
7,What are the symptoms of anthracnose caused by C. acutatum?,"Symptoms include black spots on fruits, lesions on crowns, roots, and leaves, which can lead to fruit rot and plant decline?.",True.(Gemini)
8,What is the sexual morph associated with C. acutatum?,"The sexual morph is referred to as Glomerella acutata, though it is observed in specific strains, particularly in laboratory crosses.",True.(Gemini)
9,How does C. acutatum spread in agricultural environments?,"It spreads through infected plant material, weeds, and quiescent infections in transplant material, with conidia having low survival rates in natural soils?.",True.(Gemini)
10,What is anthracnose and which crops are commonly affected by it?,"Anthracnose is a fungal disease caused by various species of Colletotrichum, which affects fruits, vegetables, and ornamental plants. Commonly affected crops include strawberries, citrus, mangoes, olives, and beans.",True.(Gemini)
11,How do Colletotrichum species spread in the environment?,"Colletotrichum species spread through conidia (asexual spores) that are dispersed by rain splash, wind, insects, and contaminated plant material. Infected seeds and transplants can also serve as inoculum sources.",True.(Gemini)
12,"What impact does anthracnose have on strawberry seedlings in Taiwan?
","Anthracnose caused a loss of 30-40% of seedlings and approximately 20% of plants after transplanting between 2010 and 2016.
",True.
13,"Why is there a need for accurate information about the pathogen population?
","Accurate information is crucial for disease management and resistance breeding in strawberries.
",True.
14,"Which Colletotrichum species complex did the majority of the isolates belong to?
","The majority of the isolates (86.5%) belonged to the Colletotrichum gloeosporioides species complex.
",True.(Gemini)
15,"What are the symptoms of anthracnose on strawberries?
","Symptoms include black spots or irregular spots on leaves, sunken black spots on petioles, stolons, and fruits, and wilting of the whole plant due to crown rot.
",True.
16,"Which environmental conditions favor the development of anthracnose in Taiwan?
","High temperature, high humidity, and heavy rainfall during the strawberry propagation period favor anthracnose development.
",True.
17,"What genetic markers were used in the multilocus phylogenetic analysis?
","Genetic markers used included ITS, GAPDH, CHS-1, ACT, TUB2, CAL, and ApMAT.
",True.
18,"Which Colletotrichum species were first reported as strawberry anthracnose pathogens?
","The first reported species included C. acutatum, C. gloeosporioides, and C. fragariae.
",True.(Gemini)
19,"What method was used to determine the aggressiveness of different Colletotrichum spp on strawberries?
","The aggressiveness was tested by measuring mycelial growth rates in an artificial medium and the ability to cause lesions on wounded or non-wounded strawberry leaves.
",True.
20,"What is the significance of accurate species identification in managing strawberry anthracnose?
","Accurate species identification is vital for developing effective management strategies and breeding programs to combat anthracnose in strawberries.
",True.
21,"How does Colletotrichum miaoliense differ from other Colletotrichum species?
","Colletotrichum miaoliense is a newly identified species, differing from others based on its distinct molecular and morphological characteristics.
",True.
22,"What was the primary aim of the study conducted on Colletotrichum species in Taiwan?
","The primary aim was to identify and characterize the Colletotrichum species causing anthracnose on strawberries in Taiwan.
",True.
23,"What role does cultural practice play in managing strawberry anthracnose?
","Proper cultural practices, such as using disease-free planting material and managing field sanitation, can significantly reduce the incidence of anthracnose.
",True.
24,"Why is Colletotrichum siamense considered a significant pathogen in Taiwan's strawberry production?
","Colletotrichum siamense is significant because it was found to be the predominant species (75% of isolates) causing anthracnose in Taiwan.
",True.
25,"What challenges are associated with the management of anthracnose in strawberry fields?
","Challenges include the pathogen's ability to survive in the soil and plant debris, the lack of effective fungicides, and the difficulty in identifying the specific Colletotrichum species responsible for the disease.
",True.
26,"How does the high genetic diversity of Colletotrichum spp impact disease management?
","High genetic diversity makes it challenging to develop universally effective disease control measures, as different species may respond differently to treatments.
",True.
27,"What molecular techniques were employed in the study to identify Colletotrichum species?
","The study employed multilocus phylogenetic analysis using specific genetic markers to accurately identify the Colletotrichum species.
",True.
28,"What percentage of isolates were found to belong to the Colletotrichum boninense species complex?
","7.7% of the isolates were found to belong to the Colletotrichum boninense species complex.
",True.(Gemini)
29,"How does anthracnose affect the overall quality and yield of strawberries?
","Anthracnose reduces the quality and yield by causing fruit rot, leaf spots, and plant wilting, leading to significant economic losses.
",True.
30,"What is the significance of Colletotrichum karstii in strawberry anthracnose?
","Colletotrichum karstii, although less common, was identified as a pathogen causing lesions on strawberry leaves, indicating its role in the disease.
",True.
31,"How does temperature influence the spread and severity of anthracnose in strawberries?
","Higher temperatures accelerate the development and spread of anthracnose, making it more severe in warm climates.
",True.
32,"What is the role of host resistance in managing strawberry anthracnose?
","Host resistance, through breeding resistant strawberry cultivars, is crucial for sustainable management of anthracnose.
",True.
33,"How were the pathogenicity tests conducted to determine the virulence of Colletotrichum species?
","Pathogenicity tests were conducted by inoculating wounded and non-wounded strawberry leaves with different Colletotrichum isolates and observing lesion development.
",True.
34,"Which Colletotrichum species complex had the lowest percentage of isolates?
","The Colletotrichum boninense species complex had the lowest percentage, with 7.7% of isolates.
",True.(Gemini)
35,"What are the primary methods of anthracnose spread in strawberry fields?
","Anthracnose spreads through infected planting material, splashing water, wind, and tools contaminated with the pathogen.
",True.
36,"Why is the identification of new Colletotrichum species important for disease management?
","Identifying new species is essential for understanding the pathogen's diversity and developing targeted management practices to control the disease.
",True.
37,What is the importance of molecular phylogenetic analysis in identifying Colletotrichum species?,"Molecular phylogenetic analysis allows for precise identification of Colletotrichum species, as many of these species show overlapping morphological traits. Multilocus sequencing of ITS, GAPDH, TUB2, and other genes provides clarity on species boundaries?.","Molecular phylogenetic analysis is important in identifying Colletotrichum species because it allows for precise identification, especially when species have overlapping morphological traits.

Multilocus sequencing of genes like ITS, GAPDH, TUB2, and others provides clarity on species boundaries. This is crucial in understanding the diversity and relationships within the Colletotrichum genus, which is important for effective disease management and control.(Gemini)"
38,"What are the key symptoms of crown rot caused by anthracnose in strawberries?
","Key symptoms include wilting of the plant, sunken black spots on the crown, and ultimately plant death.
",True.
39,"How does Colletotrichum gloeosporioides differ from Colletotrichum siamense in terms of pathogenicity?
","Colletotrichum gloeosporioides is a known pathogen with varying levels of virulence, while Colletotrichum siamense was identified as the predominant species in the study, also showing significant pathogenicity on strawberries.
",True.
40,"What factors contribute to the high incidence of anthracnose in Taiwan's strawberry fields?
","The high incidence is contributed by factors such as warm temperatures, high humidity, frequent rainfall, and the use of infected planting materials.
",True.
41,"How does anthracnose impact the post-harvest quality of strawberries?
","Anthracnose causes fruit rot, leading to a significant reduction in post-harvest quality, making the strawberries unmarketable.
",True.
42,"What are the key differences between Colletotrichum boninense and Colletotrichum siamense?
","Colletotrichum boninense is less prevalent and causes lesions mainly on wounded leaves, while Colletotrichum siamense is more prevalent and can infect both wounded and non-wounded leaves.
",True.
43,How do environmental conditions affect the severity of anthracnose?,"Warm, humid conditions with frequent rainfall create ideal environments for Colletotrichum species to thrive, increasing the severity of anthracnose outbreaks. Such conditions promote spore germination and infection on host plants.",True.(Gemini)
44,How does the propagation period affect the spread of anthracnose in strawberries?,"During the propagation period, the combination of high humidity and temperature facilitates the rapid spread of anthracnose in strawberry nurseries.
",True.
45,"What strategies are recommended for the prevention of anthracnose in strawberry nurseries?
","Strategies include using disease-free planting materials, applying fungicides, proper field sanitation, and avoiding overhead irrigation.
",True.
46,"How was Colletotrichum miaoliense characterized?
","Colletotrichum miaoliense was characterized by its unique genetic sequence and morphological features, distinguishing it from other species.
",True.
47,"What role does field sanitation play in controlling anthracnose?
","Field sanitation, including the removal of infected plant debris and proper disposal of infected plants, is crucial in reducing the spread of anthracnose.
",True.
48,"How does the anthracnose pathogen survive between strawberry growing seasons?
","The pathogen survives in plant debris, soil, and infected plant material, remaining viable until the next growing season.
",True.
49,"What is the relationship between anthracnose severity and strawberry variety?
","Different strawberry varieties show varying levels of susceptibility to anthracnose, with some varieties being more resistant than others.
",True.
50,"What is the typical incubation period for anthracnose symptoms to appear on strawberries?
","The incubation period can vary but typically ranges from a few days to a week, depending on environmental conditions.
",True.
51,"How do fungicides contribute to the management of anthracnose in strawberries?
","Fungicides can help control anthracnose by reducing spore germination and inhibiting fungal growth, though resistance management is critical.
",True.
52,"What challenges are associated with the use of fungicides in managing anthracnose?
","Challenges include the development of fungicide resistance in Colletotrichum species and the need for timely and appropriate application.
",True.
53,"What are the primary sources of inoculum for anthracnose in strawberry fields?
","Primary sources include infected planting material, plant debris, and contaminated soil.
",True.
54,"How do environmental conditions influence the efficacy of anthracnose control measures?
","Environmental conditions such as humidity, temperature, and rainfall can affect the efficacy of control measures, sometimes reducing the effectiveness of fungicides and cultural practices.
",True.
55,"What measures can be taken to improve the resistance of strawberry plants to anthracnose?
","Breeding for resistance, selecting resistant varieties, and implementing integrated pest management (IPM) practices can improve plant resistance.
",True.
56,"How was the pathogenicity of different Colletotrichum species assessed?
","Pathogenicity was assessed through inoculation experiments on strawberry leaves, observing the development of lesions.
",True.
57,"What are the consequences of late detection of anthracnose in strawberry fields?
","Late detection can lead to severe disease outbreaks, resulting in significant crop losses and reduced fruit quality.
",True.
58,"How does overhead irrigation contribute to the spread of anthracnose in strawberries?
","Overhead irrigation can splash spores onto healthy plants, facilitating the spread of the pathogen.
",True.
59,"What role do genetic studies play in understanding Colletotrichum species diversity?
","Genetic studies help clarify species boundaries, identify new species, and understand the evolutionary relationships among Colletotrichum species.
",True.
60,"Why is it important to identify the specific Colletotrichum species causing anthracnose in a region?
","Identifying the specific species is important for developing targeted disease management strategies and selecting appropriate control measures.
",True.
61,"What methods were used to collect and isolate Colletotrichum species from strawberry fields?
","Samples were collected from infected plants, and the pathogen was isolated through culturing on specific media.
",True.
62,What methods can farmers use to control anthracnose disease in crops?,"Control methods include the use of resistant plant varieties, proper field sanitation, crop rotation, fungicide application, and the use of pathogen-free planting material. Effective irrigation management to avoid prolonged leaf wetness also reduces infection.",True.(Gemini)
63,What is the economic impact of anthracnose outbreaks on strawberry farmers in Taiwan?,"Anthracnose outbreaks can cause significant economic losses due to reduced yields, increased management costs, and lower marketability of the fruit.
",True.
64,"How can farmers minimize the risk of anthracnose during the strawberry growing season?
","Farmers can minimize risk by using disease-free planting material, implementing crop rotation, applying fungicides, and practicing good field sanitation.
",True.
65,"What are the limitations of using morphological characteristics for identifying Colletotrichum species?
","Limitations include variability in morphological traits due to environmental factors and the presence of similar features among different species.
",True.
66,"What are the primary challenges in managing anthracnose in strawberry nurseries?
","Primary challenges include the rapid spread of the disease under favorable conditions and the limited availability of resistant strawberry varieties.
",True.
67,"Why is integrated pest management (IPM) recommended for controlling anthracnose?
","IPM combines cultural practices, biological control, and chemical treatments, providing a more sustainable and effective approach to disease management.
",True.
68,"How does crop rotation help in managing anthracnose in strawberry fields?
","Crop rotation helps by reducing the buildup of the pathogen in the soil, breaking the disease cycle, and improving soil health.
",True.
69,"What are the key morphological features used to differentiate Colletotrichum species?
","Key features include conidial size and shape, appressoria morphology, and the presence or absence of setae.
",True.
70,"How does Colletotrichum spp spread within a strawberry field?
","The pathogen spreads through water splash, wind, tools, and contaminated planting material.
",True.
71,"What are the typical symptoms of anthracnose on strawberry fruit?
","Symptoms include sunken black or dark brown lesions, which can lead to fruit rot.
",True.
72,"How does anthracnose affect strawberry plant vigor and longevity?
","Anthracnose weakens plants by causing crown rot, leaf spots, and fruit rot, leading to reduced vigor and shorter plant life.
",True.
73,"What future research is suggested for better management of strawberry anthracnose?
","Future research may focus on breeding resistant varieties, developing new fungicides, and understanding the pathogen's ecology and genetics.
",True.
74,"What are the consequences of using infected planting material in strawberry nurseries?
","Using infected material can lead to widespread anthracnose outbreaks, resulting in significant losses and increased disease management costs.
",True.
75,"How does Colletotrichum spp interact with other pathogens in strawberry fields?
","Colletotrichum spp. can interact synergistically with other pathogens, complicating disease management and potentially leading to more severe outbreaks.
",True.
76,"What are the potential risks of fungicide resistance in managing anthracnose?
","Fungicide resistance can render chemical treatments ineffective, leading to uncontrolled disease spread and higher management costs.
",True.
77,What is the role of appressoria in the infection process of Colletotrichum species?,"Appressoria are specialized structures that allow Colletotrichum fungi to penetrate plant tissues. They generate mechanical pressure and produce enzymes that degrade the plant cell wall, facilitating fungal entry into the host.",True.(Gemini)
78,"What is the role of Colletotrichum gloeosporioides in strawberry anthracnose?
","Colletotrichum gloeosporioides is a significant pathogen in strawberry anthracnose, contributing to fruit rot and leaf spots.
",True.
79,"Why is continuous monitoring important for managing anthracnose in strawberries?
","Continuous monitoring allows for early detection of the disease, timely application of control measures, and prevention of severe outbreaks.
",True.
80,"What is the impact of Colletotrichum karstii on strawberry plants?
","Colletotrichum karstii causes lesions on wounded strawberry leaves, contributing to the overall disease burden in strawberry fields.
",True.
81,"How was Colletotrichum boninense identified?
","Colletotrichum boninense was identified through morphological characteristics and multilocus phylogenetic analysis.
",True.
82,"What is the role of the GAPDH gene in identifying Colletotrichum species?
","The GAPDH gene is used as a genetic marker in multilocus phylogenetic analysis to differentiate between Colletotrichum species.
",True.
83,"Why is it important to study the phylogenetic relationships among Colletotrichum species?
","Understanding phylogenetic relationships helps clarify species boundaries, identify cryptic species, and improve disease management strategies.
",True.
84,"What are the common symptoms of Colletotrichum infection on strawberry leaves?
","Common symptoms include small, sunken, dark brown or black spots on the leaves, which can merge to form larger necrotic areas.
",True.
85,"How does Colletotrichum miaoliense differ genetically from other species?
","Colletotrichum miaoliense has distinct genetic sequences that set it apart from other species, identified through multilocus sequence analysis.
",True.
86,"What are the implications of finding multiple Colletotrichum species in a single strawberry field?
","The presence of multiple species complicates disease management, as different species may require different control strategies.
",True.
87,"How does the disease cycle of anthracnose typically progress in strawberry plants?
","The disease cycle begins with the infection of leaves or fruit by spores, followed by lesion development, sporulation, and spread to neighboring plants, continuing the cycle.
",True.
88,"What is the relevance of the ITS region in the identification of Colletotrichum species?
","The ITS region is a commonly used genetic marker for fungal identification, providing valuable information for distinguishing Colletotrichum species.
",True.
89,"Why might Colletotrichum species be misidentified based on morphological traits alone?
","Morphological traits can be influenced by environmental factors, and some species may have overlapping or similar traits, leading to misidentification.
",True.
90,"How does Colletotrichum spp affect the root system of strawberry plants?
","While the study focused on foliar and fruit infections, Colletotrichum spp. can also infect the crown and root system, causing root rot and reducing plant vigor.
",True.(Gemini)
91,"What is the role of ACT and TUB2 genes in Colletotrichum species identification?
","ACT and TUB2 genes are part of the multilocus sequence analysis used to differentiate Colletotrichum species based on their genetic sequences.
",True.
92,"What preventive measures can farmers take to reduce the spread of anthracnose in their fields?
","Farmers can use disease-free planting materials, implement crop rotation, practice good field sanitation, and apply fungicides as preventive measures.
",True.
93,"How does heavy rainfall influence the development of anthracnose in strawberries?
","Heavy rainfall promotes the spread of spores through water splashing and creates a humid environment conducive to fungal growth.
",True.
94,"Why is Colletotrichum gloeosporioides a complex species?
","Colletotrichum gloeosporioides is considered a complex species due to its genetic diversity and the presence of multiple closely related species within the group.
",True.
95,"What are the long-term effects of repeated anthracnose outbreaks on strawberry farms?
","Repeated outbreaks can lead to reduced soil health, the buildup of the pathogen in the field, and significant economic losses for farmers.
",True.
96,"What is the importance of using multilocus sequence analysis in fungal identification?
","Multilocus sequence analysis provides a more accurate and reliable method for identifying and differentiating fungal species, reducing the risk of misidentification.
",True.
97,"How does Colletotrichum spp survive unfavorable conditions between growing seasons?
","The pathogen survives as dormant mycelium or conidia in plant debris, soil, or infected planting materials, reactivating when conditions become favorable.
",True.
98,"What is the significance of the CAL gene in the study of Colletotrichum species?
","The CAL gene is used as a genetic marker in multilocus phylogenetic analysis, helping to resolve species boundaries and identify Colletotrichum species accurately.
",True.
99,"How can understanding the genetic diversity of Colletotrichum spp improve strawberry disease management? 
","Understanding genetic diversity allows for the development of more targeted and effective disease management strategies, including breeding for resistance and selecting appropriate fungicides.
",True.
100,How can molecular tools be applied to manage anthracnose disease in agriculture?,"Molecular tools such as PCR and multilocus sequencing (e.g., ITS, GAPDH) can be used to identify specific Colletotrichum species in infected plants, allowing for precise diagnosis and tailored management strategies?.",True.(Gemini)
101,How can farmers prevent the spread of anthracnose in strawberry fields?,"Farmers can prevent the spread by using disease-free seedlings, rotating crops, maintaining proper irrigation practices to avoid leaf wetness, and applying fungicides in a preventive manner before infection occurs.",True.(Gemini)
102,"How can anthracnose be managed?
","Disease management includes using disease-resistant varieties, improving field sanitation, applying fungicides, and controlling environmental conditions like humidity.
",True.
103,"Which treatment is the most effective on anthracnose?
","The document does not specify a single most effective treatment but emphasizes the importance of accurate species identification for selecting appropriate fungicides.
",True.(Gemini)
104,"How often should the treatment for anthracnose be applied?
","The document does not specify the frequency of fungicide application, but treatments should generally follow guidelines based on the disease severity and environmental conditions.
",True.
105,What organic control options are available for anthracnose?,"The document does not detail organic control methods, but organic approaches could include using biological control agents or natural plant extracts with antifungal properties.
",True.
106,"How can weeds be controlled?
","The focus of the document is on anthracnose disease rather than weed control, so specific methods for weed control are not discussed.
",True.
107,"Which herbicide should be used to manage fungal diseases?
","The document does not address herbicide use, as it primarily focuses on managing fungal diseases in strawberries.
",True.
108,"At what height should weeds be controlled in a cover crop system?
","The document does not cover the management of weeds in cover crop systems, as its primary concern is the fungal pathogen affecting strawberries.
",True.
109,"What ground cover plants are suitable for a cover crop system?
","Ground cover plants are not discussed in the document, which focuses on the fungal pathogens of strawberries.
",True.
110,"Could a sudden wilting of plants indicate herbicide damage?
","If the wilting is occurring in a strawberry field, it is more likely due to anthracnose infection rather than herbicide damage, as discussed in the document.
","False.

While herbicide damage can cause wilting, in the context of a strawberry field, sudden wilting is more likely due to anthracnose infection. This is supported by the information provided in the document, which discusses anthracnose as a common disease affecting strawberry plants and its symptoms, including wilting. Herbicide damage would typically have different symptoms or patterns of damage.(Gemini)"
111,What are the steps involved in creating a resistant strawberry cultivar against Colletotrichum species?,"Breeding for resistance involves identifying resistant wild varieties, crossing them with commercial cultivars, and selecting offspring that show resistance to Colletotrichum. Marker-assisted selection can be used to speed up the breeding process.",True.(Gemini)
112,How can early detection of Colletotrichum infection be achieved in crop fields?,"Early detection can be achieved using molecular diagnostics, such as real-time PCR assays, that can detect the pathogen before symptoms become visible, allowing for timely intervention.",True.(Gemini)
113,"How can the fruit be made sweeter?
","The document does not cover methods for increasing fruit sweetness; its primary focus is on disease management.
",True.
114,"Why are the fruits cracking?
","While the document does not discuss fruit cracking, this issue could be related to environmental factors or diseases not covered in the text.
",True.
115,How can biocontrol agents be applied to manage anthracnose diseases in crops?,"Biocontrol agents like Trichoderma or Bacillus species can be applied to the soil or sprayed on plants to outcompete or inhibit the growth of Colletotrichum species, reducing disease incidence.",True.(Gemini)
116,"How can predictive modeling be applied to control anthracnose in high-value crops like strawberries?
","Predictive modeling tools that incorporate climate, plant health, and historical disease data can help farmers predict anthracnose outbreaks, optimizing the timing of fungicide applications or other interventions to prevent disease spread.",True.(Gemini)
117,"How can the soil be improved?
","Soil improvement isn't directly discussed, but good drainage and soil management practices can help reduce the incidence of anthracnose.
",True.
118,What integrated pest management (IPM) strategies can be used for Colletotrichum diseases?,"IPM strategies include using disease-resistant varieties, proper crop rotation, soil management, biological control, and judicious fungicide use based on disease forecasting models.",True.(Gemini)
119,"What precautions should be taken when applying treatments for anthracnose?
","The document suggests ensuring thorough coverage of all susceptible plant parts when applying fungicides, and to follow safety guidelines as per the product label.
",True.
120,"What symptoms should I look for to diagnose anthracnose?
","Symptoms of anthracnose include black or irregular spots on leaves, sunken black spots on petioles and stolons, and crown rot, which can lead to wilting of the entire plant.
",True.
121,"Can I control anthracnose without using chemicals?
","Yes, non-chemical methods include using resistant varieties, improving air circulation in the field, practicing crop rotation, and maintaining good field sanitation to reduce the presence of the pathogen.
",True.
122,"What environmental conditions favor the spread of anthracnose?
","Warm temperatures, high humidity, and heavy rainfall are environmental conditions that favor the spread of anthracnose in strawberries.
",True.
123,"Is it possible to prevent anthracnose from occurring in the first place?
","Prevention strategies include planting disease-free seedlings, using resistant varieties, avoiding overhead irrigation, and managing field conditions to reduce humidity.
",True.
124,"What should I do if anthracnose is already widespread in my field?
","If the disease is widespread, implement an integrated approach combining fungicide applications with cultural practices like removing infected plants and improving drainage.
",True.
125,"How do I know if a plant variety is resistant to anthracnose?
","Resistant varieties are typically developed through breeding programs and are tested for their response to specific pathogens like Colletotrichum spp. Information on resistant varieties can be obtained from agricultural extension services or seed suppliers.
",True.
126,"Can anthracnose affect other crops besides strawberries?
","While the focus is on strawberries, Colletotrichum species can infect a wide range of host plants, so other crops might also be at risk, though specific hosts depend on the species involved.
",True.
127,"What is the best time to apply fungicides for anthracnose?
","Fungicides are best applied preventatively before symptoms appear, especially during conditions that favor disease development, such as periods of high humidity.
",True.
128,"Can overwatering contribute to the spread of anthracnose?
","Yes, overwatering can create conditions of high humidity and standing water, which promote the spread of anthracnose.
",True.
129,"Is crop rotation effective against anthracnose?
","Crop rotation can be effective in reducing the buildup of Colletotrichum pathogens in the soil, particularly when rotating with non-host crops.
",True.
130,"What type of fungicides should I avoid using repeatedly to prevent resistance?
","Avoid using fungicides with the same mode of action repeatedly. Rotate between fungicides from different chemical classes to prevent the development of resistance in the pathogen population.
",True.
131,"How can I test if my plants are infected with Colletotrichum spp.?
","Testing can involve sending plant samples to a laboratory for identification through molecular techniques like PCR or sequencing, which can confirm the presence of Colletotrichum spp.
",True.
132,"How long can the pathogen survive in the soil?
","Colletotrichum spp. can survive in soil and plant debris for extended periods, potentially several months to years, depending on environmental conditions.
",True.
133,"What sanitation practices can help reduce anthracnose spread?
","Sanitation practices include removing and destroying infected plant material, disinfecting tools and equipment, and avoiding movement between fields when plants are wet.
",True.
134,"Can anthracnose be transmitted through seeds?
","While Colletotrichum spp. are primarily spread through infected plant material and spores, seed transmission is less common but possible, depending on the pathogen species.
",True.
135,"What should I do if my strawberries are already showing symptoms caused by anthracnose?
","Remove and destroy affected plants, apply appropriate fungicides, and improve field conditions to reduce humidity and prevent further spread.
",True.
136,"Are there any biological control options for anthracnose?
","Biological control options may include the use of beneficial microorganisms that can outcompete or inhibit Colletotrichum spp., though specific products would need to be researched.
",True.
137,"How does plant density affect disease spread?
","High plant density can lead to poor air circulation and higher humidity, creating ideal conditions for the spread of anthracnose. Reducing plant density may help mitigate the disease.
",True.
138,"What role does crop debris play in disease management?
","Crop debris can harbor the pathogen, so removing or properly composting debris is crucial in reducing the source of inoculum for the next planting season.
",True.
139,"Can I replant strawberries in the same field after an anthracnose outbreak?
","It is not recommended to replant immediately in the same field after an anthracnose outbreak without proper soil treatment or rotation to non-host crops to reduce pathogen levels.
",True.
140,"Can irrigation methods influence the spread of anthracnose?
","Yes, overhead irrigation can splash water and spread Colletotrichum spores, increasing the risk of infection. Drip irrigation is recommended to minimize water contact with the leaves and fruit.
",True.
141,"Is it safe to compost infected plant material?
","Composting infected plant material is generally not recommended unless the composting process reaches high enough temperatures to kill the pathogen. Otherwise, it's safer to dispose of the infected material to prevent disease spread.
",True.
142,"Can anthracnose spread through contaminated tools?
","Yes, tools can carry Colletotrichum spores and spread the disease between plants and fields. Disinfect tools regularly, especially after working with infected plants.
",True.
143,"How can I improve air circulation in my field to reduce disease incidence?
","Air circulation can be improved by properly spacing plants, pruning excess foliage, and avoiding dense planting, which can help reduce humidity and lower the risk of disease.
",True.
144,"What are the first signs of anthracnose on strawberries?
","The first signs include small, dark, water-soaked lesions on leaves, petioles, and fruits. These lesions can expand and become sunken, eventually leading to significant damage.
",True.
145,"Can anthracnose affect the quality and yield of the strawberries?
","Yes, anthracnose can severely affect the quality and yield by causing fruit rot, leaf spots, and crown rot, leading to reduced marketability and lower overall production.
",True.
146,"How does temperature affect the development of anthracnose?
","High temperatures combined with high humidity create favorable conditions for the rapid development and spread of anthracnose.
",True.
147,"What are the risks of using untreated water for irrigation?
","Using untreated water, especially from surface sources, can introduce Colletotrichum spores into the field, increasing the risk of infection.
",True.
148,"Can I mix different fungicides to control anthracnose more effectively?
","Mixing fungicides can be effective, but it must be done according to label instructions to avoid phytotoxicity or the development of resistance. Always consult with an expert before mixing chemicals.
",True.
149,"Is there a specific soil type that is more prone to anthracnose?
","Soils that retain moisture and have poor drainage are more prone to harboring Colletotrichum and facilitating the spread of anthracnose.
",True.
150,"Can anthracnose be detected in the early stages of plant growth?
","Early detection is possible by regularly inspecting seedlings for small, dark lesions or signs of crown rot, which can indicate the presence of Colletotrichum.
",True.
151,"What role does humidity play in the life cycle of the Colletotrichum?
","High humidity is crucial for spore germination, infection, and the spread of Colletotrichum. Managing humidity through proper ventilation and irrigation practices is key to controlling the disease.
",True.
152,"How does Colletotrichum survive between growing seasons?
","Colletotrichum can survive as dormant mycelium in plant debris, soil, and infected plant parts, allowing it to persist between growing seasons and re-infect new crops.
",True.
153,"Can resistant varieties completely prevent anthracnose?
","While resistant varieties can significantly reduce the incidence of anthracnose, they may not completely prevent it, especially under extreme conditions. Integrated management is still necessary.
",True.
154,"What steps should I take after a heavy rainfall to prevent anthracnose spread?
","After heavy rainfall, ensure proper drainage, avoid working in wet fields to prevent spreading spores, and consider applying a fungicide if conditions remain favorable for the disease.
",True.
155,"How can I monitor my field for early signs of anthracnose?
","Regularly scout the field, particularly after rain or during periods of high humidity, looking for early symptoms like small, dark lesions on leaves, petioles, and fruits.
",True.
156,"Can companion planting help reduce the risk of anthracnose?
","While the document does not mention companion planting, in general, companion planting may help improve overall plant health and reduce disease pressure, though its effectiveness against anthracnose specifically is not well established.
",True.
157,"What impact does soil pH have on the development of anthracnose?
","The document does not specifically address soil pH, but maintaining a balanced pH that supports healthy plant growth can indirectly reduce the risk of disease by promoting strong, resilient plants.
",True.
158,"How does plant stress contribute to disease susceptibility?
","Stressed plants are more susceptible to infections, including anthracnose. Stress factors include drought, overwatering, nutrient deficiencies, and physical damage.
",True.
159,"What is the recommended procedure for disinfecting tools?
","Tools can be disinfected using a bleach solution (typically 10%), alcohol, or commercial disinfectants. Ensure tools are thoroughly cleaned and dried after disinfection to prevent corrosion.
",True.
160,"What are the long-term effects of anthracnose on strawberry plants?
","Long-term effects include reduced plant vigor, lower fruit yield, and increased susceptibility to other diseases. Severe infections can lead to plant death, particularly if crown rot develops.
",True.
161,"Can mulching help in controlling anthracnose?
","Mulching can help reduce soil splashing, which is a common way for Colletotrichum spores to reach plants. However, it can also increase humidity if not managed properly, so it should be used cautiously.
",True.
162,"How should infected plants be disposed of?
","Infected plants should be removed from the field and destroyed, preferably by burning or deep burying, to prevent the spread of the disease to healthy plants.
",True.
163,"What is the risk of replanting strawberries in a field with a history of anthracnose?
","The risk is high, as Colletotrichum can persist in the soil and plant debris. If replanting, it��s crucial to rotate crops and possibly treat the soil to reduce pathogen load.
",True.
164,"What are the symptoms of anthracnose on strawberry fruits?
","Symptoms on fruits include sunken, dark brown to black lesions that can expand and lead to fruit rot. In severe cases, the entire fruit may decay.
",True.
165,"Can anthracnose be transmitted through water runoff?
","Yes, water runoff can carry spores from infected areas to healthy plants, especially in fields with poor drainage or during heavy rains.
",True.
166,"How does plant density impact the severity of anthracnose?
","High plant density can increase the severity by reducing air circulation and increasing humidity, creating ideal conditions for the spread of the disease.
",True.
167,"Are there any specific cultural practices that can reduce the spread of anthracnose?
","Cultural practices such as proper plant spacing, timely pruning, avoiding overhead irrigation, and removing infected debris can significantly reduce disease spread.
",True.
168,"How does Colletotrichum affect the roots of strawberry plants?
","While the document focuses on foliar and fruit infections, Colletotrichum can also cause crown rot, which affects the plant��s roots by cutting off nutrient and water supply, leading to wilting and death.
",True.
169,"What is the importance of selecting the right planting time to avoid anthracnose?
","Planting during a time of the year when conditions are less favorable for Colletotrichum (e.g., cooler, drier periods) can help reduce the risk of disease development.
",True.
170,"Can anthracnose spread to other plants or crops in the vicinity?
","Colletotrichum species can infect a wide range of host plants, so there is a risk of the pathogen spreading to other susceptible crops in the vicinity.
",True.
171,"What are the benefits of using resistant varieties in managing anthracnose?
","Resistant varieties can reduce the incidence and severity of anthracnose, lowering the need for chemical controls and helping maintain healthy crops.
",True.
172,"Is there a difference in disease susceptibility between young and mature plants?
","Young plants are generally more susceptible to infections, as they are still establishing their defense mechanisms. However, mature plants can also be severely affected, particularly by crown rot.
",True.
173,"How do you differentiate anthracnose from other common strawberry diseases?
","Anthracnose is characterized by specific symptoms like sunken, dark lesions on fruits and leaves, and crown rot. Accurate diagnosis may require laboratory testing, especially when symptoms overlap with other diseases.
",True.
174,"Can plant nutrition affect the severity of anthracnose?
","Yes, well-nourished plants are generally more resilient to diseases. Balanced fertilization can help plants withstand and recover from infections more effectively.
",True.
175,"How does Colletotrichum interact with other pathogens?
","Colletotrichum can interact with other pathogens, sometimes exacerbating plant stress and making plants more vulnerable to additional infections.
",True.
176,"What is the role of fungicide resistance in the management of anthracnose?
","Fungicide resistance can make chemical control less effective, necessitating the use of integrated disease management strategies, including rotation of fungicide classes.
",True.
177,"How should I monitor my strawberry plants for signs of anthracnose?
","Regularly inspect plants, especially after periods of rain or high humidity, for early signs such as small dark lesions on leaves, petioles, and fruits, and any signs of wilting or crown rot.
",True.
178,"What impact does soil moisture have on the spread of anthracnose?
","Excessive soil moisture can promote the survival and spread of Colletotrichum by creating a favorable environment for spore germination and infection.
",True.
179,"Is it advisable to apply fungicides as a preventive measure?
","Yes, applying fungicides preventively, especially during conditions conducive to disease development (e.g., warm, humid weather), can help protect plants from infection.
",True.
180,"What role does field sanitation play in preventing anthracnose outbreaks?
","Field sanitation is crucial in preventing anthracnose. This includes removing and destroying infected plant material, cleaning tools, and avoiding contamination between fields, which helps reduce the pathogen load.
",True.
181,"Can anthracnose be controlled by adjusting planting density?
","Yes, reducing planting density can improve air circulation, lower humidity levels, and make conditions less favorable for the spread of anthracnose.
",True.
182,"Is there a specific stage of plant growth when strawberries are most vulnerable to anthracnose?
","Strawberries are particularly vulnerable to anthracnose during periods of active growth, flowering, and fruit development when moisture levels are high.
",True.
183,"How do environmental stressors affect the severity of anthracnose?
","Environmental stressors such as drought, excessive rainfall, and poor nutrition can weaken plants, making them more susceptible to severe infections by Colletotrichum.
",True.
184,"Can intercropping reduce the risk of anthracnose in strawberries?
","Intercropping with non-host plants might help reduce the spread of Colletotrichum by disrupting the pathogen's life cycle, though its effectiveness depends on the specific crops used.
",True.
185,"What are the visual differences between anthracnose and other fungal diseases on strawberries?
","Anthracnose typically causes sunken, dark lesions on fruits and leaves, whereas other fungal diseases may present different symptoms like powdery coatings or rust-colored spots.
",True.
186,"How does soil drainage impact the likelihood of anthracnose infections?
","Poor soil drainage increases the likelihood of anthracnose infections by creating a persistently moist environment that favors the growth and spread of Colletotrichum.
",True.
187,"What factors should be considered when selecting fungicides for anthracnose?
","Factors include the specific Colletotrichum species present, the stage of disease development, resistance management, and the safety of the fungicide for the environment and non-target organisms.
",True.
188,"Can pruning help in managing anthracnose?
","Pruning infected or overcrowded areas of the plant can help improve air circulation, reduce humidity, and remove sources of infection, thereby aiding in disease management.
",True.
189,"What are the key indicators of an effective fungicide application against anthracnose?
","Key indicators include a reduction in new lesions, healthier foliage, and lower incidence of fruit rot, observed after following the fungicide application schedule.
",True.
190,"Is there a way to test soil for the presence of Colletotrichum spp before planting?
","Yes, soil testing for Colletotrichum spp. can be conducted by specialized labs using molecular techniques to detect the presence of the pathogen before planting.
",True.
191,"How does crop rotation benefit fields affected by anthracnose?
","Crop rotation with non-host crops can break the life cycle of Colletotrichum, reducing pathogen levels in the soil and lowering the risk of future outbreaks.
",True.
192,"Are there any biological agents that can suppress Colletotrichum in the soil?
","Biological control agents, such as certain beneficial fungi or bacteria, can suppress Colletotrichum in the soil by outcompeting or directly inhibiting the pathogen.
",True.
193,"What is the role of cover crops in managing soil-borne diseases like anthracnose?
","Cover crops can improve soil health, reduce erosion, and enhance microbial diversity, which can help suppress soil-borne diseases including anthracnose.
",True.
194,"How should I manage irrigation in a field with a history of anthracnose?
","Manage irrigation by using drip systems to keep foliage dry, avoiding excessive watering, and ensuring good drainage to prevent the accumulation of moisture that favors the disease.
",True.
195,"What are the risks of introducing new plants into a field with known anthracnose issues?
","Introducing new plants into an infested field can lead to rapid disease spread if the plants are susceptible. Quarantine and careful monitoring of new plants are recommended.
",True.
196,"How can I distinguish between chemical damage and anthracnose symptoms on my plants?
","Chemical damage often appears as uniform burns or discoloration across treated areas, while anthracnose typically causes irregular, sunken lesions and localized rot.
",True.
197,"Can soil amendments help reduce the severity of anthracnose?
","Soil amendments that improve drainage, increase organic matter, and enhance microbial activity can help reduce the severity of anthracnose by creating less favorable conditions for the pathogen.
",True.
198,"What are the long-term implications of not managing anthracnose effectively?
","Long-term implications include reduced yields, lower fruit quality, increased costs for disease management, and potential loss of entire crops, which can severely impact profitability.
",True.
199,"Is it possible to develop resistance to anthracnose in my strawberry plants? 
","Resistance can be bred into strawberry varieties through selective breeding programs, though no variety is completely immune. Continuous breeding efforts are needed to maintain resistance in the face of evolving pathogen populations.
",True.
